audio_file,text,gender
CurHMI_83.mp3,ال في العالم الافتراضي دوت وانت همم,male
Ee4e59_49.mp3,لقشره الشجره وفضلوا يستخدموا اوراق,male
xy9PPk_80.mp3,وتقريبًا، كلهم متفقين على أصعب 10 رياضات.,male
Zzh5SW_297.mp3,"قبل ما تبدأ بقى تتسارع
بأقصى سرعة ممكن توصلّها تاني،",male
xik2n6_367.mp3,كل سباق، من 2 لـ3 كيلو عرق.,male
TrQgpH_454.mp3,وتفكّر في حاجة اسمها الـBrand Image.,male
kU1clj_310.mp3,مكتوب فيها المسافه,male
dl6vTB_588.mp3,في صفاتهم في في مزاجهم في انا بس بلاحظ,male
t1Ta7z_949.mp3,القهوه الجبنه جنبها بيعمل عليها قهوه مره,male
Fo0fYH_1251.mp3,وعن كميه الهبات الجباره اللي موجوده في,male
N2UIEk_136.mp3,بالتروات القلعه اضطراب القلق الاجتماعي,male
ZgCs8x_52.mp3,هو دا المطلوب بالظبط.,male
h1UaAF_255.mp3,من سلوكه ومواقفه والحاجات اللي مخلياه,male
dztWqI_611.mp3,الاستاد مليان اللي استاد مليان انا خدت,male
LGtZId_619.mp3,السلامه الله يسلمك ههه,male
1zNBZn_405.mp3,بص بقى كده على الخط الرصاصي ده او الخط,male
LUlZ7I_175.mp3,ليه طيب ما هو لا عشان هو اللي من الناحيه,male
OdDUf5_841.mp3,ارتفاع كوبري في ارتفاع عالي من الكوبري,male
0TGGqz_1313.mp3,انه كله بيعدي,male
PXgIZ3_44.mp3,"مش عايز يا ""رضا""! مش عايز!",male
J4IuUd_91.mp3,"خلّيني أحكيلك دلوقتي قصة ""عبد العظيم""،",male
XqRq6I_642.mp3,لأنه في الحالة دي، هيشك فيك انت شخصيًا،,male
UsJbOO_117.mp3,اما عشان نستفاد يا اما عشان ارفع فمافيش,male
w7AQdl_209.mp3,يمكن طلع يصلي على المكيف وقت كتير من,male
XpPeHu_4.mp3,عشان صلوا على النبي,male
aVX3oC_914.mp3,اضيق يعني كنت فاكراهم كنات كنت مبسوطه,male
Qhwlg3_1362.mp3,هي القطط هي اللي بتستفز الكلاب انا شفتها,male
o8HiXZ_1588.mp3,ده خلاص الحريفه نزل الحريفه نزل وخلاص,male
lJbzZn_9.mp3,هي ليلة دُخلتك؟,male
8uswhV_616.mp3,ولو نورت معك لمبه,male
Z5GDZi_99.mp3,يعني خلاص انا انا شايف ان احنا لازم نلحق,male
IrvUm5_410.mp3,انزل البحر وصلنا بنلبس بقى وننزل,male
80h4Dz_1004.mp3,وبنقابلكم وبنشوف الكومنتس بتاعكوا وحاجات,male
JqtEBQ_23.mp3,يا فاشل، يا اللي ما تقدرش تتكلم زيي!,male
QloDwd_10.mp3,جمال دمشق وغوطتها كتير بس للاسف هيك ما,male
jbsru7_21.mp3,اهلين وسهلين ومئه مرحبتين باحبائي,male
B3VDWm_448.mp3,"""شجرة الدُر""، أو في قول آخر ""شجر الدُر""،",male
00vyrm_72.mp3,بروح جميله وبتبتدي الروح دي تندثر حبه,male
NNBqoc_239.mp3,مش لا لاا بلاش حبل يا جماعه اكيد اكيد,male
z8tRKj_47.mp3,"دقيقتين تلاتة كده
وهتلاقي نفسك ايه",male
50RTA2_216.mp3,لو دخلت في عالم الإرتجال,male
AJJAOT_460.mp3,محتاجين,male
g6RTgt_611.mp3,كام أسبوع في مصر,male
i2izh2_740.mp3,"قعدوا يعلموا الناس من
بيوتهم من غير فلوس",male
hOh1Wm_946.mp3,دي اللي هي الحوكمة,male
RWK6W6_1632.mp3,"بالطريقة دي وأحنا بس دورنا
إن أحنا نجمع بيانات شاملة",male
R3WdB1_2019.mp3,للناس النادليين,male
Kg9rYj_2058.mp3,قواعد بتوع التعليم نفس القصة,male
rG5eoa_265.mp3,بس ليش العالم بشكل او باخر بحسوا انه كان,male
48vHUT_24.mp3,فإيه بقى؟! هتسأليني في النحو فعلًا؟!,male
QPDXyC_397.mp3,ما احمرش,male
H6S7po_492.mp3,لما يعرف والحاجات نسمع الناس بتمر بها,male
9szbyJ_570.mp3,عشان الادوار,male
qelRFE_616.mp3,بيفرق معاكي اسمك على التتر فين,male
zWmf85_661.mp3,وزي، يا عزيزي، ما اللحظة دي هي لحظة انتصار،,male
7Go2Dy_6.mp3,انه سامع الصوت ده دلوقتي وان,male
AxpRcM_474.mp3,انا كنت فاكره اختلاط ثاني,male
eRjZ1P_706.mp3,اه وخليتك خساره,male
a5VnJx_721.mp3,خدوا بالكم هقول لكم,male
25vl7k_459.mp3,طول ما انت بتتفاعل مع العالم الخارجي.,male
kpGjPV_434.mp3,شو هالتبذير والبعزقة؟,male
nVtfgK_113.mp3,العثمانيه يتجمعوا بفلسطين مثل البير,male
wI4wls_295.mp3,[موسيقى],male
Eg1iPg_102.mp3,وقعدتنا بح ازاي اقلب لكم وشه يتحمل هو,male
FESCyY_277.mp3,بالضبط فراح اللي هو طب يعني ما تعملش كده,male
6BZfcV_341.mp3,يعني استخدمها,male
C5OthA_570.mp3,كان كش في في حاجه وفي اضا وتاع يلا احنا,male
2AMfaf_662.mp3,مشهد طبعا استاذه مريم نعوم اللي كاتبه,male
DEdRG9_834.mp3,بنزل انا بنزل بقى ان اشوف حاجه مش شايف,male
uCbvXB_872.mp3,كتير يعني كن فتره كبيره في البشبيشي دهب,male
QlN1ct_1203.mp3,الهندسيه واخش العمليات ابيع اسلحه لل وال,male
2lbJ0x_1444.mp3,انها هاملت اصلا بالط فانه لاين كينج هو,male
mqcXiO_1484.mp3,اقص طول الجمله نفس طول البتاع بس قال لهم,male
dkPc4h_1899.mp3,قصدي ليه ليه يا عصاب قتلت ليه ف اه انت,male
kn6tqb_1938.mp3,بتاعك قال كنت في اعدادي وانا بعمل ستاند,male
TQXtcH_2070.mp3,لا يا,male
BHTqhH_2153.mp3,ل جورج عزمي لم يذاع ولن يذاع ولن يذاع,male
sCCU0L_2416.mp3,ف لم الدنيا وبتاع قلي اخويا عادي فين بجد,male
TcD5Uv_233.mp3,السوريه اساسا في الاساس ايوه بس انا,male
DvWHN3_687.mp3,مارسيلو اسمه مارسيلو اصلا الراجل اهو بص,male
meIa7E_1153.mp3,عار بدر نور في الزمالك,male
4IdsZA_1158.mp3,انا اللي هلبسه لكم تاخدوا المحتوى وخلاص,male
g117rU_107.mp3,المصاري اعطوني مصاري وانا بجي بحضر القمم,male
NS74nE_272.mp3,السوريين ينشافوا بكثير من الحالات على,male
ik7Mhl_39.mp3,موسم الثالث طبعا لوكيشن جديد عشان بس,male
N2O7cv_111.mp3,كلام الناس واشوف بقى ايه احكم القواعد,male
MHXt6y_345.mp3,صوت ولا صوره ده كلام يعني ازاي الكلام,male
2beHMo_506.mp3,جدا مع فهم السيره ان انت تفهم القران,male
9PqpRj_1216.mp3,نبي بس هو عنده صفات انا ممكن ارايت له,male
FsHb2Z_125.mp3,العظمى رقم واحد بالعالم وكان عندها,male
VZlL8n_148.mp3,الادراك هم دلوقتي يا عزيزي لو عايزين,male
s91f4M_68.mp3,"وقام جايب فرخة، نتف ريشها،
وراح داخل على طلبة ""أفلاطون""،",male
PBQMml_453.mp3,"و(خورتشوف) كان مأفوَر ومنفسن على (ماو)؟!""",male
jFT3Zi_238.mp3,مستويات فيتامين دال لكن حتى الان ما فيش,male
Uluds0_292.mp3,يحرقني فما كنتش قادر اتحمل ولا قادر اعيش,male
AVUeKt_513.mp3,مختلف فتخلي مش عارفين نلحق نصمم لها,male
WCySUe_138.mp3,بعض الاطفال ممكن تتولد بحاله الخصيه,male
boIYDk_219.mp3,قدامك هو الرئيس الله يخرب بيتك الرفوف دي,male
hjjSri_238.mp3,شويه حكايه طالعه من اخر مكان ممكن تتوقع,male
6inC9r_109.mp3,حاجه في شغل عايز تقعد تقضي مصلحه تعملها,male
wAuzjY_323.mp3,والعروسه وبتاع طيب,male
Fk3zMN_407.mp3,الاثنين المفروض بنطلب نفس الحاجه,male
uQ8xsM_678.mp3,سنه راحت يا حبيبي خلاص,male
QOOL7F_881.mp3,وانت نايم انت جنبك باي حاجه بالفعل والله,male
nTX2ob_936.mp3,معدي,male
NN7dRX_889.mp3,كده,male
XJKTfQ_1048.mp3,هتفضل محبوسه جواه كده وينفجر ايمانه,male
bympRL_1290.mp3,قلناه من شويه يعني ثم نكسوا على رؤوسهم,male
ugJCAS_169.mp3,"لكن ما كانش شعور ليه دور
في حياة الناس العاديين خالص،",male
EliWoa_986.mp3,بيه تلاعب في الحقائق ايوه عشان شكل كويس,male
DNQTvp_1173.mp3,احنا كان بيتنا مش عارف ايه وكان جدك كان,male
Su7Wmr_1309.mp3,فانا احب ده الحلو الحليوه اللي بيقول لي,male
4u2sPy_1964.mp3,للبيبي وبعدين تروح تشوف الطبخ اللي على,male
8qJIts_2422.mp3,والتعامل معه لانه واقع ده من اكتر,male
vlTOGV_3236.mp3,قبول بس قلت لها بس انا مش عاجبني واحد,male
JwG7Uc_3313.mp3,فتره ذهبيه فعلا وكنت كبير في السن يعني,male
gElngM_3580.mp3,كده في التخصص اللي انت هتخش على مزاجك مش,male
WJvmXl_3625.mp3,بالك كميه الزيت المهدرج اللي بيعملوها دي,male
CD9BUr_4076.mp3,تمام انا وصلت نفس القصه في موضوع المزيكه,male
d9Fz6V_256.mp3,ده ممل شويه المقاومه هنا اقل بكتير من,male
LMwx3c_301.mp3,حياتك عشانه اتمنى ان الحلقه دي تكون,male
PcAk3V_120.mp3,الوراثي بيهدد اكث من 50% من الرجاله و30,male
ZZIqnF_32.mp3,مشايخنا بقى كلهم فبتلاكي قها او بيتكلم,male
gPVWGm_472.mp3,ام وصوره البروج فيها فيها معاني فعلا,male
oGQWtj_518.mp3,ويحاول يفهم المعاني ويلقي الوحي على,male
2vqLhi_1032.mp3,ومشهود بعدين ربنا سبحانه وتعالى قال وما,male
WIOMAg_1281.mp3,لك وصفها ودي القران بيصحح مفاهيم فمن,male
bVnIKH_1285.mp3,ملك السماوات والارض ده بيخرجك من ايه من,male
7aqpWH_1789.mp3,وينصر ا الدين واوليائه سبحانه وتعالى,male
dHq7Xp_297.mp3,يعني فاهم بس ده المنطلق بالنسبه لي في,male
oEYqcx_215.mp3,"وعشان كدا، قدرت تبيع تقنيات دفاعية
لأكتر من 130 دولة،",male
8B6Xg2_382.mp3,اللي بتتعارض مع قِيَم الصوابية السياسية،,male
mO2d50_398.mp3,"اللي هما ""ليز ماجيل""،
رئيسة جامعة ""بنسلفانيا""،",male
r9I7Pi_108.mp3,واتقبلت اصلها بالضحك ايه عدت ماده,male
hJgM6f_201.mp3,الشاطرين قوي بس بقت تستخدم على ايه على,male
L49ZH1_82.mp3,ايوه ايو كناس بتول احمس,male
EsufBV_200.mp3,التروم حسلي في حياتي بعد كده شويه سمعت,male
j7MKjf_329.mp3,ابويا وقت كتير,male
QtJBiJ_413.mp3,خ راجل اسف خلق الله الحاجات,male
ZkBpSA_873.mp3,يعني قلت يا ود قدام ابويا اه ا اتعلق لي,male
KdKwhh_1328.mp3,كده يب يباصي ويع,male
9WXDT8_1369.mp3,مش شايفنه اي عر ايوب الاهوه بقوللك بشط,male
Qa67zo_204.mp3,احنا كنا قاعدين بنفكر نعمل كونتنت في,male
A4QwTB_259.mp3,كده بجد والله ا فاحنا انا عايزك انت انت,male
HHyvTP_461.mp3,حاجات تجمع ربطه برشلونه في مدينه نصر,male
Pvyft5_481.mp3,يا عم ازاي مش كبير,male
uoFFVZ_587.mp3,بتبقى كده ما تبقاش اللي هو ايه عينك فيها,male
lMTIgm_2095.mp3,اول حاجه فيك نصيه انا كمان انا مع اشرف,male
MefF9P_2168.mp3,انا ما عنديش مشكله انا تمام عشان ندفع,male
eC8XjS_185.mp3,"""ليه بنحب الكلاب وبناكل خنازير وبنلبس بقر""",male
jX4ZXs_32.mp3,عشان قراية الفنجان خرافة؟,male
xY5iDn_218.mp3,قاعده الضمير العسكريه الجويه القريبه على,male
NuqfBI_110.mp3,بيطلبوا ان هي تغني اكتر فبالتالي تتالم,male
jQKFM3_257.mp3,موريس دليده كانت العلاقه بمغني ايطالي,male
APWlvB_218.mp3,تنظر,male
nHpisE_297.mp3,الاسئله تبقى عامله كده اللي هو نظام حسيت,male
1WFikn_510.mp3,الحاجات قشنا قلشنا خلاص قشنا هيسن هيس,male
FHfJLZ_855.mp3,بتاعي ذهب احد الحتت اللي رحتها ذهب يعني,male
4hDDWp_893.mp3,لا يا عم دي ب لاد والله بجد والله لا ب,male
d0JCJn_904.mp3,البشر لكن الواد اللي لابس ص ايه ده ايه,male
IYa4oS_1559.mp3,مصلحه الجوازات من غير ما اروح ومشوار بقى,male
klNC44_1946.mp3,الاسود وماشي بره وقعدنا ساكتين انا سامع,male
DQdJ0m_1976.mp3,عشان اتطمن عشان مخافش منه يعني قلت بيقول,male
Reznjl_362.mp3,اللي هي بتتزرع في الدوَل اللي تحت.,male
l2IkMP_629.mp3,على طول بسال بقول لكريم اساله بقول له,male
5ebpf2_1428.mp3,لك طيب,male
YQdhI7_342.mp3,حاطط 3 كيلو قال له قاعد يعبي يعبي يعبي,male
2R79qB_355.mp3,لامي شنطه وادي لاخويا شنطه ودي,male
iugIxN_204.mp3,او ابن اخوه يعني هو من يعني من رحم سيدنا,male
Zp6Ij0_1488.mp3,في عنده الازمه دي عارف,male
NpUQ6A_174.mp3,انه يمارس حياته بشكل طبيعي واحيانا كمان,male
BlAzOw_170.mp3,"""شهرزاد"" و""شهريار""  والحواديت.",male
zIX1yR_415.mp3,شوفه اهو اشتغلت فبقيت قاده عمال اقول ايه,male
r3AKPK_65.mp3,"""هيرودوت"" بيحكي
إن حصل تمرد عليه في بعض المناطق،",male
gzLzjn_91.mp3,من شركه مش من بتاع مش من اي كيان من الله,male
sHWKWI_130.mp3,يعني الله سبحانه وتعالى,male
3qQdA4_147.mp3,ارضى ارضى وخليك زعلان من الشخص بس انت من,male
Ejql1B_248.mp3,"اللي عايز أقولهولك، يا عزيزي،
إن القنبلة اللي هتعمل هذا الانصهار،",male
e2C77s_341.mp3,"""فرانك كلوز""، يا عزيزي،
بيعلّق على وجهة النظر دي،",male
51OGLY_491.mp3,"بينما، عالم زي ""فون براون""
قدرت كفاءته العلمية تنقذه",male
udwfpr_293.mp3,تستجلب هذه السكينه وهذا السلوك وهذه,male
tZtEmc_137.mp3,الراجل اللي هو في سوره البقره اللي يقال,male
TEJsIB_317.mp3,شايف الابتلاء وحش بيقول لك ربنا مش,male
mzNbEl_466.mp3,قيمه فيها مشكله فيها داء عضال فيها فيها,male
uBtkNi_598.mp3,انا ما عنديش مشكله انك تفضل المرض ده,male
7jnsH1_812.mp3,انسان بتصل على اخر اليوم همم بتبقى خلاص,male
wuL1WG_1218.mp3,ناموا يعني اربع ساعات النسبه انتباههم,male
0qPCSt_1366.mp3,دام هو قدامك مدام هو في البريفره الفيجن,male
mxba5J_1741.mp3,طيب بما انك همم درست الطب الحمد لله,male
tVnnfT_2016.mp3,وبيعبر عنها بطوله كثير جدا غير اللي كان,male
hzmSTj_34.mp3,"والله؟! جاي تقول الكلام دا يا حبيبي،
بعد ما لطعتني جنبك طول الوقت دا؟!",male
HUYTdp_370.mp3,"""لوبو"" لمّا شاف البشر جايين،
جري لمسافة آمنة عشان يراقبهم،",male
Ptkfp8_410.mp3,الموضوع طبعا لا القصه دي كانت ممنوعه,male
aaVyqt_892.mp3,ب بولا صمويل اوبن مايك من نظمهم اخونا,male
DOhVlo_906.mp3,الميمات دي يعني انا دلوقتي بقيت واحد,male
JchKn5_1044.mp3,اتقابلناش اللي هم احنا المفروض اصحاب,male
8cvPh4_1417.mp3,عارفه وده مالوش علاقه باستاند اب كوميدي,male
iCALvp_614.mp3,في ايامنا مثلا ما كانش فيه مثلا حوار,male
NYnQeI_1097.mp3,قالوا بقى اللام التعليل ان الشيطان ممكن,male
CeuyWQ_1169.mp3,مايوه شرعي فكده,male
KsL48w_1053.mp3,ابويا ان انا مش عايز اخش هندسه,male
mw1B7j_47.mp3,الأكل طرشامولّي!,male
IImIIB_134.mp3,"المواطن الأمريكي في 2006
بقى بياكل 5 أضعاف كمية الفراخ",male
BzoNF1_334.mp3,مستحيل تقنعه يشرب لبن طبيعي بالقشطة بتاعته،,male
6YP4ov_67.mp3,ويسيبوها في أماكن، بحيث إن هذا الطائر,male
qBItsP_3.mp3,"- البطاطس، البطاطس
- أيوة",male
b1b4fh_244.mp3,والرقابة، يا عزيزي، خففته لـ٢٠٠ دقيقة،,male
91r8rl_143.mp3,"""تيدي كاتز"" مثلًا،
اللي عمل اللقاءات مع قدماء المحاربين دُول،",male
t0wvdY_214.mp3,"عشان يبني ""الولايات المتحدة الأمريكية"".",male
z2as8P_353.mp3,"ويميزوا نفسهم
عن الهويات الجديدة اللي بتتكون،",male
vdyRlF_710.mp3,"وقتها، ""تشرشل"" هيعلن في يونيو 1922
الـChurchill White Paper،",male
1BDn0T_919.mp3,"عصابة ""شتيرن"" الصهيونية
كانت بتحاول تتحالف معاهم،",male
0kqjqU_43.mp3,"أعزائي المشاهدين،
السلام عليكم ورحمة الله وبركاته،",male
Q8Jx3Q_173.mp3,الحوت الأول، The First Whale.,male
DHjMst_168.mp3,الاوبرا او الاختناق النوم الانسداد,male
VDYeKg_402.mp3,تنزف في ولايه كاليفورنيا,male
jDtjg1_472.mp3,البنت بعثت قانونيا ممكن كان مخها ميت,male
FrWE4o_543.mp3,الجنائيه والاحكام القضائيه دي عزيزي مجرد,male
N4T2Et_42.mp3,حدش كمان بقى بيشوف نفسه غلطان يعني,male
FJU4mv_342.mp3,المواد من الشمال لليمين ومش عارف,male
XaGvqJ_260.mp3,كانت بتزود حساسيتهم تجاه الألم.,male
Q1Q6Jq_164.mp3,الاغوار اتجهت لحتى تعمل حزام استيطاني,male
SB7wX7_228.mp3,"عشان الطفل ""زياد"" الـ""كيوت""،
اللي ساكن في أحد ضواحي ""عين شمس""،",male
q3UTYq_671.mp3,ولكن، يا عزيزي، المشكلة اللي ظهرت بعد كدا،,male
z68yoo_450.mp3,"- ""ليه؟ أفيد يا (أبو حميد)؟""
- لأ، بيبقى أحلى. العلم، يا عزيزي، بيحب الجزر.",male
n52p77_505.mp3,"هتلاقي كتير منهم دوَل أوروبية،
أو زي ""الولايات المتحدة"" و""روسيا"".",male
HN8ce7_293.mp3,اللي هو ايه ده تعال نحرس بقى احنا حبايب,male
kjeYqC_94.mp3,بالقرن الـ 13 الميلادي,male
UtNX40_440.mp3,"هذا العقل بيتأثر
بالتجارب اللي مر بيها في حياته.",male
oMzdEJ_44.mp3,منين طلع من معتقد اعتقاد بليف حاجه عميقه,male
sgYtMY_121.mp3,الاخلاق كلها اصلا,male
Xnqz5t_278.mp3,على كده,male
RVb1Mf_623.mp3,هتاجر في حاجه فواجب عليك ان انت تعرف,male
062ToY_650.mp3,شاء الله يعني الناس تبقى كده مش بنتعالى,male
MXwfEn_1148.mp3,ليه ما نستطعم منكم الباقه يعني هو اصلا,male
o3XG4E_1320.mp3,معي غير الازار فقالوا انا هشق الازار ايه,male
Z8y3yP_1690.mp3,مش موجود انا انا,male
gPFJS7_15.mp3,سحنتك ما عجبتني,male
foJgY8_209.mp3,للتصوير الملون بالأربعينيات من القرن الماضي,male
ShZjXj_903.mp3,انت انت قصدك على مجموعه ده اللي هو مثلا,male
9DNC71_41.mp3,الخلق هي اللي بدا بها الدين ده,male
x7HBoY_48.mp3,من نجاح الدين ان ربنا هم عايشين بيقول لا,male
2uDPyh_230.mp3,بيقول له هو العم والد انت يا جماعه انا,male
ESHTdP_470.mp3,يعني بجد انا بزعل على يعني في حد كده ايه,male
JolRP3_957.mp3,انت لو بتحب ربنا وبتحب الطاعه بتخاف من,male
mqqL8H_259.mp3,هرب من حد وعامل مشاكل يعني قد حبست الناس,male
2j4GB0_494.mp3,يعني هو لغه اهل هم هم هم الراجل مش شايف,male
n8Hz0j_1173.mp3,واشتغل على ايمانك وابني نفسك,male
QcTHVb_504.mp3,الدين ده الدين ده شامخ وصامت خلاص ما في,male
7VwF0N_794.mp3,اكس ينست لان هو في الحقيقه هو خسر ارض,male
JnRygu_1158.mp3,كانش حد وانت لسه خايف برض ان هو يتولاك ف,male
yxdRKJ_1448.mp3,ايو ما النظره دي ليها واقع في نفسك,male
9fJ5vE_176.mp3,هيلاقي إن من 5000 سنة بس,male
AEQ2ti_297.mp3,برغم، يا عزيزي، إن المدينة المُكتَشفة...,male
22PS9k_44.mp3,ولو شاف فقير أو عاجز...,male
hEYgyu_233.mp3,"لصديقه ""رازومخين""، اللي كان خدوم للغاية،
كان بيقولّه،",male
Txpboq_297.mp3,فتتراجع من عنده النرجسية دي بالتدريج،,male
kLuBYW_293.mp3,بدري غير كده كمان مش النوم البدري او,male
9nTqQV_191.mp3,دي السنه دي اصلا كل تجارتك مالهاش لازمه,male
NQqQeV_201.mp3,المشكله مي كانت قاصر عايز تصدق تؤمن,male
e7v3bh_308.mp3,الباب ويهمس بنعومه يقول كلمه السر فيوم,male
O9d8IB_399.mp3,العالم السفلي بتاعنا ده انا لازم افضل,male
HBcuP4_31.mp3,"ولكن، يا عزيزي، الواد ""كالفين جونيور"" دا،",male
wXM1Mz_158.mp3,"دا كان الدكتور صديق ""هوارد فلوري"" شخصيًا،",male
YTsfoV_111.mp3,"فودافون، أه أنا كنت في جاي دبلبو تي
لمدة دي نسيت أقولها",male
82nHG4_276.mp3,"هل معانا فلوس نجيب شخصية مشهورة
ولا معناش فلوسها",male
DMYEbS_368.mp3,هتجيب ثمن ده,male
UIPR5u_888.mp3,"يا جماعة انتوا ...
أهو إتفضل، مفيش حاجة",male
CdHkXl_962.mp3,"مثلا تقولي مثلا مارلبورو بتاع زمان مش
عارف أيه بيبسي أيه شيبسي حاجات كده يعني",male
ibZgf1_152.mp3,حاجه الصوره اللي وراها على طولب الصوره,male
kQQ561_105.mp3,هو فعلا مش انضف حاجه ههه واحنا وقفنا,male
rkHh3Y_249.mp3,ما هو انت خلاص ما بقتش تسال علي وانت مش,male
0WurDM_401.mp3,امال ايه اللي حصل ههه,male
d8u8Tz_703.mp3,حد كده هتاخد تتوقع ايه برده,male
djG4Ct_798.mp3,[موسيقى],male
xw7rHY_966.mp3,لازم اعرف مين,male
6aXIOJ_1116.mp3,الرياضه بتجبح الغضب جامد يا لهوي يا لهوي,male
Wx1283_240.mp3,يعني انت على الحق تمام تمشي في الشارع,male
b1Bh0Q_360.mp3,كله يعني هم فعلا كلهم في الفريقين بيبقى,male
CO3j9X_68.mp3,إذا كنتوا بتحبوا ثقافات الشعوب والاختلافات,male
WIfz8Z_190.mp3,لذلك نفسهم زملائي من الباحثين بيقولوا لك,male
PIORTC_649.mp3,رجله تعبان ومش,male
CR6SJW_931.mp3,قال لك لم يؤذى لم يؤذى ابو بكر بعدها,male
1GjYeh_54.mp3,جدودنا صحافه حره نوادي ثقافيه وسياسيه,male
KsfnDg_158.mp3,دقات جرس في الودنه ممكن كمان تحس بحراره,male
pqxjIY_206.mp3,الصامت وده بيكون عب عباره عن الاصابه,male
hW9Ukx_300.mp3,وتقسم وجباتك وما تقعدش جعان لفترات طويله,male
hIPrMI_87.mp3,الانسان اللي عايش الخطيه مش ممكن يعرف,male
uz56LY_102.mp3,الله الله شد سجاده من تحت رجلي ولا ايه,male
hdOUpB_556.mp3,الجمعه كان عندنا نيافه الانبا موسى في,male
APkJ7E_65.mp3,ليه تعملوا معايا كدا؟,male
7aIKom_259.mp3,"على سبيل المثال، رغم إن نسبة الكُتّاب السود
اللي كسبوا جوايز كبيرة زادت بالدرجة دي",male
f3Ehb0_260.mp3,نسبة الكُتّاب السود في المجمل مازادتش خالص.,male
SckeFL_84.mp3,التقسيم كوم ثاني اذا بنشوف خريطه التقسيم,male
RmrMD3_188.mp3,ارتدت عليه وانتشرت اكثر لذلك ما كان غريب,male
BPXXYT_159.mp3,كبيره لانها لو حصلت لشخص وهو سايق عربيه,male
IWXPc9_165.mp3,الشركه اكتشفوا ان لو عملنا تعديل بسيط في,male
WtGq9g_214.mp3,"بس تفتكر هو قصده إيه بالظبط
من تعبير ""ميدان رقمي عالمي"" دا؟",male
Drjvph_238.mp3,‫انما مثلًا فرضًا أنا معايا يسرا,male
cwUmG8_281.mp3,"‫- بس هو لولاه هو...
‫- بس أنت مركب عليه",male
BhFkzc_399.mp3,"‫- بتحصل بقى دي ساعات؟
‫- بص الشغلة دي لها أعراف",male
w7r2N8_909.mp3,"‫- ده فيلم رائع
‫- هي يعني بتتلعب بقى",male
uxkA9W_995.mp3,‫فبنأسس فبنكبر فبنتعلم,male
EJfTn3_1283.mp3,"‫- اتلمست كده.
‫- في مرحلة ما",male
gc6yhM_1346.mp3,‫والدنيا دوارة بقى,male
QNYdom_1867.mp3,"‫- قوم امشي يلا
‫- آه قوم يا اخي",male
QUB1y0_2038.mp3,‫اللوكيشن وبتاع...,male
feU4rS_176.mp3,شو هالهزيمة المنكرة اللي تعرضنا لها,male
7ZFEom_223.mp3,وراس شمالي جديد هو بروسيا,male
t55Ab1_346.mp3,بيسمارك هاد هيمن على الحياة السياسية,male
3tQMwj_118.mp3,في محلات هناك والله العظيم والله 150,male
oQn5kv_386.mp3,كاستايل ستايل اسلوب حياه طبعا اه اه ده,male
ogb8Di_1016.mp3,في كل حته طب وفي حد منهم في الفن اختي,male
xwqWEf_1077.mp3,وارجع,male
ZOGM24_83.mp3,سورية ولبنانية عم يحاولوا يروحوا براً أو بحراً,male
iQj0Qa_90.mp3,كلياتهن حاملين علم وشهادات ومهن وحرف,male
wQjLZf_53.mp3,انك تعمل موقعك الشخصي باسهل واسرع طريقه,male
v5Uu7s_149.mp3,نفسي اتعلم واخش منتديات واقعد فيها بقى,male
ZuLzkz_237.mp3,نفسه انا ببقى شايف الهاكر نفسه شايف ايه,male
yhWLhh_991.mp3,حاجه يعني ف تعدي لا يعني هو في طبعا في,male
H7GA5U_1549.mp3,ايت تيونز وكور خصومات والى,male
yQMdJ0_1685.mp3,جهازه وبتاع فالناس انا متاكد مليون في,male
pLB8Lu_2553.mp3,انا متذكر كويس كاكت من كورسات مهاره تك,male
q80lli_2600.mp3,بشوف ان الناس دي المان باور عندهم مهما,male
KGMEFU_3404.mp3,الشركات تعينك ما هو مين اللي هيعمل لك,male
vUThNv_3680.mp3,سيشن كده كانتك شغال في دوليت كانوا,male
sBNStk_4017.mp3,يعني من ناحيه الشركات انا شايف كشركه انا,male
jgG1Jm_238.mp3,الله عز وجل ا تعرف مين ربنا سبحانه,male
jtjhOZ_382.mp3,الموضوع انتهى قبل ما يبدا طب ادي نفسك,male
bfhQWg_510.mp3,ايه يشنع زي ما المعنى اللي انت عايز,male
jWS3iu_911.mp3,هو بس لو واحد صادق مع ربنا ربنا,male
p4pNrL_1303.mp3,المنافقين كمان في سوره الاحزاب هو اللي,male
yiz5Sb_1738.mp3,الله زي ما كنا بنتكلم في سوره البروش من,male
7bBiEW_221.mp3,اتشطاف منفصل لا مؤاخذه طب فين بقى جنبي,male
rEIllM_246.mp3,التلفزيون عادي جدا في المسلسلات,male
fq5UdW_367.mp3,اه بس بس بصراحه كده زمان قبل ما اخش قبل,male
mIGPOw_689.mp3,علاقه الاب بناته,male
nd6GOc_885.mp3,يعني انت بتكتب احلى بعد كده بس في,male
nPgE5Z_1007.mp3,نينجا,male
cqT7hz_547.mp3,انت جنازه فيها عبد الله بن الحسن وهو على,male
1lOoNi_1096.mp3,عشان غلط الاستعلاء على الشخص ده ولا انت,male
mjzMWr_1247.mp3,انا واقف يعني ممكن مثلا الواقف صلاه,male
8Ew0vE_6.mp3,[موسيقى],male
5xJqlg_784.mp3,"""اليابان"" طالعة من حرب عالمية،
ووقع عليها قنبلتين نوويتين،",male
yxK3g7_787.mp3,كله شغال...كله بايظ؟,male
CXciKg_1320.mp3,"- التركيبات النهائية.
- أه مفهوم.",male
DSW5Hi_658.mp3,الى قومه بزينات قال في زينته تحس ان هو,male
SRSkWQ_719.mp3,الغريبه دي,male
X0SQy5_48.mp3,الشخص ده العقل المدبر بحاول جدا ثانكيو,male
rVbjXA_393.mp3,حواليا,male
YmA7rq_1069.mp3,بساعدك بساعدك هو اللي جاي عليك اهو اهو,male
DG5QXk_225.mp3,"آدي ""روما"" وآدي ""قرطاج""
وآدي البحر المتوسط ما بينهم.",male
IyjRJp_121.mp3,انه في ولد صغير مات زي يشوف الراجل سمع,male
LE7JjM_408.mp3,اوقات انت لازم تاخد نفسك هي كده اعتبر,male
ZelKPA_774.mp3,وده شفناه كتير لناس,male
RJCWnX_55.mp3,ممكن تقابله في حياتك,male
2zOZiA_21.mp3,الحياه تنتهي على كوكب الارض طبعا من,male
lc4cQa_42.mp3,عنها اينشتاين زمن عن الارض غير الزمن عند,male
Ml5vyp_58.mp3,يعني,male
va2qAe_699.mp3,انه الشمس ليها قربت او ليها مدار او ليها,male
TK2ozY_832.mp3,من الناس اللي هم شغالين في التنجيم دول,male
VvFAu5_719.mp3,ربنا هيجل ده دكاء طب انت تبنيه,male
60OKRL_287.mp3,"وبالفعل، يتعين ""أليكس فيرجسون""",male
xaLTUk_482.mp3,للقناه وخطتهم كانت انه ارييل شارون يلتف,male
xqH270_329.mp3,وميزانيته تزيد,male
B5UTnE_413.mp3,المعقدة بين الجيش والسياسيين,male
3jWQfg_682.mp3,ضد الاتحاد السوفييتي,male
sjucyr_745.mp3,عن التحالف الحكومي,male
LEPVzO_409.mp3,اللي هي كيفيه اصلا يعني كثير وبالطريقه,male
HzTnyk_666.mp3,بس وبعد كده ايه,male
CKFypv_704.mp3,ويفضل قاعد انا فعلا مش متخيل يعني ايه,male
EZA15e_837.mp3,هنسمع كلامها هياذيه نفسيا يعني هنا مش,male
rqxc9A_1067.mp3,الايه دي الموقف ده لما قالت له يا رسول,male
ox3vUD_416.mp3,المزيكه كان جايهي في البوكس اللي انا,male
RO1LGg_540.mp3,اللي بقدمها وفي قاعده برض ان انت في وقت,male
UXUV4C_1073.mp3,فذس ز ريسيبي اديك مثال عمر ديب مثلا عمر,male
FXlfJJ_1131.mp3,بيتعاملوا مع الاعلانات ان هو ده اعلان,male
9E1kS3_1539.mp3,للكاستينج الصح المناسب صح الكاست الصح,male
2Hl9UR_1992.mp3,ارب خمس مخرجين داما لان هو ما يقدرش بقى,male
qizcpB_2155.mp3,مع بعض تعال نقول كده لا خليه يقف هنا,male
1ggcJr_2445.mp3,يعني جنب الاعمال الاجنبيه ويقف بثقه وعلى,male
fGgVZT_123.mp3,ويشتغل في الهضم مثلا عشان نفهم ازاي,male
HsdnTs_21.mp3,جدا ومحفز وان شاء الله نستمر على هذه,male
iGsX39_34.mp3,وبمناسبه الانجليزي فحاب نشكر كامبلي على,male
20NkP3_315.mp3,بنزين فدخلت اشتري معلم ميه اخدت الميه,male
ApeVMI_374.mp3,دلوقتي راجل سكت بتا 15 ثانيه لدرجه ان,male
SDeWOz_479.mp3,جديد انا بالنسبه لي بصراحه يعني يعني,male
A6gUJp_572.mp3,البريتش مش الامريكان صح على حسب على حسب,male
DMCDss_710.mp3,حد بيقع في ده ما ما بجلد يعني او ما بضغط,male
Oowen5_1214.mp3,تاكسي تعالي والله العظيم مش مشكله يلا,male
dkFMb1_2074.mp3,كده كلام حقيقي جدا فاهمني تصدق الراجل ده,male
IbfBvZ_136.mp3,"يعني، الست بقى عندها غسالة وتلاجة
وبوتاجاز بيساعدها في شغل البيت، أمّال إيه!",male
SbH4N6_418.mp3,"لأن مهما حاولت تلتزم بالنصائح دي،
مش هتقدر تعملها كلها.",male
x8XN53_81.mp3,بالمختصر القياده السياسيه عم تحاول تزد,male
xdKuFr_195.mp3,اللي حاربوا بالجيش الروسي ومن جهه ثانيه,male
wTzMK7_1030.mp3,اثبت ايه ما تعملش حاجه ما انت لو ما فيش,male
gpswYf_1032.mp3,مثلا بيبقى ايه لازمه اصلا يعني فين,male
EayJUf_1158.mp3,بقى واساعدني اياك نعبد واياك نستعين,male
VyeN6M_135.mp3,جرح في قلبه,male
AqNjE6_258.mp3,ضمير الغائب بتتكلم على ضمير قال وغدراتي,male
ALIpzj_324.mp3,تكتبش احنا هناخدها دي في المحطه العلميه,male
Xirs1P_368.mp3,لو وقع في الذنب وهو بيتوب ما بيعتبر,male
2Yh5LH_104.mp3,نبدا مع العيله دي سيدنا ابراهيم وسيدنا,male
HNDfH9_617.mp3,انا كنت اشتريت جاكيت للموتوسيكل فهي,male
ksYx3i_689.mp3,تتصدق بالفلوس دي بقى علينا روح اسال,male
txQXW9_1649.mp3,فيلم بيتصور عشان اقولها ونفكر اقول ايه,male
W9vEkA_1705.mp3,هو الايه دي لو عايز الامن فعلا يوم,male
vxtR47_377.mp3,"واللي ""أسبانيا"" كانت مشاركة فيها بقوة.",male
4niulM_5.mp3,العالم تبعنا وما بتعرفوا انه الناس,male
dmPxur_1200.mp3,وبيحبك من الحته الصعبه ان هو بيعمل عشان,male
rUyyFF_1359.mp3,موقف كتير جدا جدا ناس قريبه جدا منك فانت,male
woheiL_1419.mp3,اللي هو المؤسس لعلم مسرح المكورين,male
qt7biE_1640.mp3,معظم المشاريع للاسف بقت فتره سوريه عشان,male
Ot97Hy_1853.mp3,جدا مسافر كتير جدا جدا,male
YQ9dU6_2352.mp3,فين فبقول له اتعلم فيه اماكن كثيره على,male
3rRuax_249.mp3,الامراض عشان يقدر يشوف هل في مشاكل نفسيه,male
d77i6Z_37.mp3,فالمهم ان اكتشاف الانسولين بشكل او باخر,male
6ECJ9J_257.mp3,ولا بيعمل ايه بس هو بيطلعش,male
QApEMf_284.mp3,[ضحك],male
QFcelg_84.mp3,لا هو بس زي ما قولتلك إحنا,male
TIrM7d_452.mp3,ميزانه,male
il95Zy_1207.mp3,بس أنا واخد بالي إن كل الحاجات,male
9pPZvc_1380.mp3,الصفات الذكورية,male
rn4aQs_1407.mp3,ماشي؟ هادورلك وأقوللك عليه,male
q46DXI_1501.mp3,ومُنضبط الأرقام و الإمتصاص,male
LgUKha_2024.mp3,أقولك المثل الدارج ايه,male
9DRrn3_2186.mp3,"- فهو ساعتها ماكانش بيتمرن؟
- من يومها...",male
mN19RW_2306.mp3,"المهم في يوم من
الايام في الكورس ده",male
6ME3oG_169.mp3,"- هو دا؟""
- بصراحة، آه.",male
MAmQnj_26.mp3,أمّال إيه موضوعنا؟,male
NzRrod_76.mp3,"بس هي يعني كانت محبوسة في الجمرك؟
ولّا أنا هسأل على ضمان ضد عيوب التربية؟!""",male
upplqQ_41.mp3,قصير والليل طويل وطبعا الميلاتونين بيعشق,male
2BuPGb_85.mp3,"فالنباتات اللي بتحاول تتسلق،
تتزحلق، ما تعرفش تطلع أكتر عليها،",male
jclrhd_225.mp3,دي بتعمل جروح صغيرة في بُق الحيوان،,male
hH9YEM_165.mp3,ذنب شبابنا بس مع ذلك حاولوا يكبت غيظهم,male
hJMZks_111.mp3,الاستمراريه عشان بس ايه ما حدش يقفش عليا,male
MkKuWN_400.mp3,الواحد فنقدر نخش في الترس ونطحن واللي,male
9jjar2_609.mp3,يومين ثلاثه كده انتاجيتهم عاليه قوي تبقى,male
2AgVHS_58.mp3,قوي تحبها لا في اسمه ايه فاصل نرجع تاني,male
SB9sUd_307.mp3,رجعت هو انا رجعت خلاص يعني اوفر قوي في,male
ubOtB2_479.mp3,بيتزحلق قدام الص صع المغفل ده مش صايع,male
n9WVjv_487.mp3,بقى طبعا 1 طبعا بيشن 1 اللي هو بلاي,male
CH9lK4_927.mp3,ما تفكش ايوه تفضل محافظ عليه وثابت عليه,male
nGN8z2_1527.mp3,البشاميل,male
SE9fwC_1558.mp3,بقى اكتشفت ان انا بحب اني اكل بقى الكشري,male
TwJCd8_211.mp3,بايعين بان ده هو ده الراجل ده عش عمرو,male
ayac6q_1062.mp3,سمعتها بتقول لعيال قسما بات الله بس ده,male
EhNVnq_1280.mp3,ايه انا هنزل اتمرن حاجات بقى انا بعملها,male
RdAczq_331.mp3,باسم باي فاير سايد جنب الدفايه روزفلت,male
xQ9Tic_641.mp3,ابو احميد ما انا ببعت لاصدقائي رسائل,male
JUJmIq_17.mp3,"""سافو"" إيه بس؟",male
gtM9wG_176.mp3,إنك استلفت عربية من صاحبك ابن الناس،,male
2L8sxj_190.mp3,الفلاسفة في السنين الأخيرة،,male
iwczVY_225.mp3,ايه وانت عايزه وع بقى عايزه واحد يشيلك,male
S2f4jV_242.mp3,لكده علاج ادمان ادويه الكحه بيكون معقد,male
DOjeet_202.mp3,"هي للأمانة، يا عزيزي، مُستعمَرة
ولكنها مُستعمَرة سِلمية،",male
ajbROF_690.mp3,كانوا بيربطوا كل واحد في وش المدفع،,male
HkQvOe_315.mp3,والاتراك بعد الحرب العالميه الاولى شوف,male
7SPVgY_310.mp3,اخر واحد بيقول لي انا طبعا اه طبعا المهم,male
IDQP9D_370.mp3,[ضحك],male
SO7h1e_203.mp3,صغير او بس بس في حق ربنا انا بقى لي سنين,male
eiTLx9_352.mp3,حاجه شغلاك في حاجه مضايقاك في حاجه حاسس,male
fu5mdR_207.mp3,الكلام اللي لا يليك ولا يجوز ان هو يتقال,male
yBj7M4_124.mp3,انت طول اليوم بتصلي على النبي عليه,male
znvvBQ_275.mp3,لبس ولا اكل ولا شرب ولا حتى عارف يشتغل,male
LeREeY_366.mp3,غطفان دي من القبائل الكبيره قوي اللي,male
mIjRYy_533.mp3,كان متقسم ازاي اولا كان متقسم الانصاري,male
FhNFK7_139.mp3,عشان لو حبيته تمام بصوا يا جماعه عملوا,male
VVikjE_361.mp3,واقفل يا اب الكاميرا طب ما نعدي على كل,male
wGlg29_539.mp3,ربنا بالظبط كده كده رب انا بس ب يعني,male
c1J5EL_1492.mp3,اقولها في الدعاء انا مش ا انا بس عايز,male
OA4n1o_120.mp3,"بتتحول لأيون الحديد اللي هو ناقص إلكترونين،
فيبقى هذا الأيون له شحنة، موجب 2.",male
FWEDUm_226.mp3,بعض العوامل اللي ممكن تزود خطر الاصابه,male
eHpRzY_350.mp3,ال اس بيكون دائما في حاله من الاحباط,male
BM1AY3_505.mp3,بشوف هي بتحصل ولو في ربع ثانيه انا حاسس,male
bAQqtc_673.mp3,عنده,male
WM8EIU_1552.mp3,الصلاه مش بنفصل من الدنيا كلها الصلاه,male
RLnTdI_7.mp3,وفي قلبه وبيحاول ينقل الروح دي للمكان,male
2pgt1o_101.mp3,ايه صلاه الصلح لان الخدمه دي خدمه,male
2nFpjt_368.mp3,لكن شاول كان رجل متقلب وعاد ليطلب داوود,male
G2SMtg_383.mp3,المحاولات بتاعه صنع السلام ممكن ما تديش,male
9Z3PZv_135.mp3,بيلعب مع الاطفال صحابه هل مامته مثلا,male
glpEvg_284.mp3,الشديد او اس سي اي دي واللي معروف في,male
SpbGK6_287.mp3,وبيكون منتشر بنسبه كبيره في الذكور طيب,male
PaVbdd_196.mp3,وتعال حسبه اديك 100 مليون جنيه مش هيبقى,male
8kEhDC_349.mp3,اللي حصلت يعني قبلها ماعرفش اي حاجه عن,male
oj9eAH_1271.mp3,انت وجع البطن,male
JV85Qu_1362.mp3,منتشره نار نار في الهشيم في احد منتشر زي,male
JC4fZC_40.mp3,اللي,male
pC4ZUa_59.mp3,مدرس بيكر حاجه مش موجوده في اي حته,male
3uJrKW_730.mp3,ها انت هتجيء معاه للسوبر ماركت في,male
XUbU1Z_1549.mp3,بصراحه معلش يعني هو اللي معها ايفون اكس,male
GU1F3d_1839.mp3,في ناس ثانيه يعني هتعمل الحاجات,male
T8dLXy_256.mp3,المدني منصور سلطان الاطرش بس العسكريين,male
UsJsuh_136.mp3,"هوايات خاصه في جبال في اثار في حتت معينه
بال دي حاجات بقى فعلا ان تستحق ان انت كل",male
1qJQhD_216.mp3,"بايعين فهو هي مش هيوضح لك قوي فكره ان ان
التذكره ما مش قابله للتعديل اه هو تلاعب",male
AWLnUp_339.mp3,"يعني انا كنت مثلا فكرت قبل كده اعمل
دايفينج ورحت وركبنا المركب وكنا هنطلع",male
hTfkS7_8.mp3,السكه دي قسما بالله متاكد ان انا هلاقي,male
INijTF_29.mp3,بدات احترف في اللعبه ما كنتش فاهم اصلا,male
7yNf9w_894.mp3,‫والهالة اللي محيطة بينا اللي بتكفينا شرور,male
JoruFs_1200.mp3,‫فده من أول الحاجات اللي فيها أدب في الدعاء,male
NMrOUM_1618.mp3,يُرِيدُ اللَّهُ أَن يُخَفِّفَ عَنكُمْ,male
UeQBX5_2328.mp3,للي فاهم وللي عنده,male
VbIiyA_2888.mp3,"أنا أول ما قال قال هارتون أنا قلت
اتكلم هيتكلم إندونيسي ولا إيه",male
6N2izJ_2952.mp3,اللهم اجعل جمعنا هذا جمعًا,male
kQwj95_186.mp3,البروتستانتيه ضد الامبراطوريه الاسبانيه,male
mSiwO3_209.mp3,اليزابيث الاولى يلي يعتبر عصر احد العصور,male
RI3k57_1433.mp3,كتاب كورس تطبيق لو انت مبرمج يعني,male
nACwsy_1530.mp3,وانا بالمناسبه يعني من الطرف اللي انا,male
AtCAwV_67.mp3,"علاقة الإنسان بالحيوان، صديقي الإنسان،
حصل فيها تغيرات كتير منذ فجر التاريخ.",male
YMr4hq_181.mp3,فعادي جدا انت ممكن تشيله كده بس لو شايله,male
bWEcmd_494.mp3,[موسيقى],male
ZhuZOl_535.mp3,ده شغلنا ان احنا,male
tiai0V_356.mp3,بقيادة أولاف شولتز,male
fLOw44_295.mp3,"يستخدموا الأبناء في صراعاتهم
في أوقات الخلاف والانفصال.",male
xbsL7t_239.mp3,بتحس ان انت قد ايه انت مش لوحدك مثلا,male
rDbU1J_323.mp3,الانسان يتقي الله سبحانه وتعالى ولا يقطع,male
00JMY1_862.mp3,ودول لسه لهم علي حق بس لازم برضو زي,male
MPpzAX_899.mp3,الكراهيه وقاطعين بعض ليه في الاخر كلها,male
roIBrA_502.mp3,بالسبعينات فادت ناس معينين أكتر من غيرهن,male
BkNvlH_519.mp3,بكم موظف فاسد صغير,male
7kNH5u_538.mp3,النظام بيهربوا دخان مستورد,male
PP9kl7_78.mp3,نمسك فيها كسلنا,male
QqhwSw_39.mp3,والمجازر اللي ما كان بدها الهجانه هي,male
aZnUyy_184.mp3,"""احنا عارفين إن فكرتنا حلوة،",male
dQaPQE_298.mp3,"خلّيني، يا عزيزي، أعرّفك
على الـLego Serious Play،",male
GW1WMo_371.mp3,"""طب يا (أبو حميد)، ليه المناهج مش كلها لعب؟
 ازاي دا يفرق عن التعليم العادي؟""",male
nglZ9s_71.mp3,امتى فيها الشركه بدات معايا مع ولادتي,male
AbNXVO_79.mp3,يشتغل فهي تقريبا الشركه يعني تاريخها من,male
jbRwF0_322.mp3,كتير قوي عندهم حته وخصوصا اللي هم سلف,male
q7wcXv_399.mp3,2010 وسفرت عملت عمليات بره المهم كان,male
0DGWsh_443.mp3,وتكتئب وما تطلعش من بيتك يا تتحول الى,male
QYttuG_957.mp3,طبعا فهي حت وعلى فكره ده من ضمن الاسباب,male
9v0TAF_997.mp3,ايوه انت الدين عندنا احنا كاسان بيقول لك,male
zUDEiK_533.mp3,وقاومك,male
BtEvPK_653.mp3,لنا عندهم,male
xoWOiH_771.mp3,الاقل يعني لحد ما اموت ربنا عارف تفاصيل,male
aThSlo_4.mp3,صوره الملك,male
SGbRWF_58.mp3,الله الملك ومملكته وملوكاته ومخلوقاته,male
mE1c3l_384.mp3,الجن والشياطين عشان تبقى فاهم اللي هو,male
Bwv8dv_528.mp3,دي دي دي رد فعلك عليها ايه لما تعرف انه,male
2GTnmM_813.mp3,جميل عن احنا مين هو مين وايه الحياه دي,male
tSf6Cy_312.mp3,والعقليه الجسديه علماء الناس بيسموها,male
H0xVmC_168.mp3,لأنها قواعد غير معلنة،,male
ryA7aS_54.mp3,موجوده مشروبات التانيه هنلاقي ان كميته,male
opfLU2_239.mp3,وكل الناس بيفهموها,male
QSXPhA_31.mp3,انا للاسف مش بعرف اتعامل غير وكل حاجه,male
vaQyuS_483.mp3,اهل عندها قرايب عندها اصحاب عندها زمايل,male
LRoFYG_302.mp3,غيبته عن عياله في أحيان كتير،,male
2rhafy_531.mp3,"وبالتالي بقى، ممكن نلاحظ
تغيرات شبه التغيرات دي في زوج الأم مثلًا،",male
ZapNHo_693.mp3,"ولكنه واحد من مجاورين ""الأزهر""،",male
zqbJkI_819.mp3,"""ازاي عايشين من غير حداثة؟!",male
qKWe3Z_243.mp3,بشتغل اهو بسعى بس مضيق هي معايا هقول لك,male
xMYr0s_267.mp3,وجوانب كتيرة من الخيال.,male
ta0TGM_138.mp3,"هو ""أولاس كورنيلياس سيلساس"".",male
nXWykQ_7.mp3,هو متابعنا ولا ايه يعني بس انا بحبه جدا,male
mlINWD_663.mp3,[موسيقى],male
YFoWgp_804.mp3,همم انا ما ليش ما ليش اي حاجه ما ليش اي,male
R3tNb7_944.mp3,همم يعني قرض والنبي عليه الصلاه والسلام,male
zWVsSd_241.mp3,عندي واكثر فيها ا مفاهيم انا مؤمن بيه,male
2yLTxN_420.mp3,"العضلات اللي ماكانش
زمان الفيلر بيأثر عليها",male
NoMbPU_776.mp3,"مع اختلاف التكنولوجيا
والبدايل اللي بقت عندنا",male
cjkhl8_978.mp3,"إن التجميل فيه مبالغة
في التوقعات كتير",male
c33Ocv_1072.mp3,وراثيًا,male
jgX7BM_1472.mp3,سليولايت,male
Gs64NQ_1521.mp3,"ده أستاذي ده أحسن
مني 100 مرة. انا بحب...",male
W05mCw_1630.mp3,"- مع الوقت.
- سنة.",male
iSbyyi_1917.mp3,فيها تحويل المسار,male
5mFFmS_90.mp3,بنظام الحزب الواحد هو حزب واحد حاكم,male
n9etA5_100.mp3,موضوع انت عايز اكلمكم فيه,male
HnHhSP_262.mp3,منك الجمهوريه وحسبها,male
jbs4Pp_494.mp3,هتاخد وقت ما هي هتاخد وقت مخ ما بحطش,male
QiLmHs_1545.mp3,عايزه تفكره بحاجه ام عشان يحكي حاجه اه,male
edDEjE_270.mp3,"طبعًا، يا عزيزي، انت شُفت المنظر دا
في كل تقريبًا الأفلام العربية القديمة.",male
sr6pW6_139.mp3,"لمحاولة عكس مسار الشيخوخة،
في الخلايا البشرية.",male
ECHL2p_55.mp3,هتقعدوا تتصفى مع بعض ههه,male
RGnLDH_63.mp3,نكمل كل حاجه عشان الناس بقى ههه,male
7vqU6f_476.mp3,ده يعني ده كده حاجات كده يعني,male
XORAHy_518.mp3,جميع ذلك لعبه تكلف هو الكريم المطلق وذلك,male
FFOG39_169.mp3,"فتلاقي واحد مثلًا،
زي الفيلسوف الفرنسي الرايق ""جاستون باشلار""،",male
p6XpTf_16.mp3,[موسيقى],male
rPWmih_353.mp3,الانسان من كتر الهرمونات اللي ماليه,male
LEjSEd_156.mp3,كيوم عرفات بل كموقف القيامه فرحمهم ارحم,male
6tUzSP_875.mp3,بعمل بجد يعني لما حد حاطط,male
xF3Skh_340.mp3,وهيصدق مع ربنا وربنا مش ربنا هيبر القسم,male
fWO8rQ_345.mp3,وفي نفس المشهد ده اتى عمرو بن الجموح الى,male
qMxjGM_8.mp3,هيك اوكي بس شو اسمه محمد اوكي,male
YCn0Od_247.mp3,النهارده ممكن اموت بكره ممكن اموت بعد 30,male
1Vmb5W_445.mp3,هي كده هو اصل النبي صلى الله عليه وسلم,male
SgQhZb_888.mp3,جماعه في ناس كانت شايفه كده,male
xbvXab_318.mp3,تقريبا كان تقريبا 10 حلقات كل حلقه ساعه,male
KEFBCx_1266.mp3,الشغل كده والحمد لله حظ حلو النهله كمان,male
NSeiO2_1499.mp3,كده تلاقي نفسك بتلف في الهوا حاجه سخيفه,male
jwJdor_1638.mp3,تمام اه اه الاولمبيكيات وقفت على الطرف,male
LkFHjm_1738.mp3,الخائن طيب طيب خلاص سمير وشير,male
EPgIA4_246.mp3,نوم ولا ولا مسكن ولا ملبس ولا كهرباء ولا,male
4KWIeP_18.mp3,اهلين وسهلين وميه مرحبتين بها الامن,male
7KOQcD_70.mp3,يعني البركه بيسمح له ان هو يقرر نشوف من,male
oEfLMa_498.mp3,كان فاكر إن اللي حصل سنة 1961,male
9gn7PH_88.mp3,منتهى الاهميه اونلي جريت ماركتين از ندد,male
lhohSb_168.mp3,لعبه الاغلبيه الم موجوده بهذا الاقليم,male
shlCsM_315.mp3,وشوفوا الحلقات السابقه والمصادر وانتظروا,male
TBMuUX_801.mp3,بتعمل مش عارفه كذا كذا كذا واروح داخل,male
hvbLay_998.mp3,[موسيقى],male
hBEFXz_98.mp3,لا لا لا لا لا مافيش حاجه اسمها كده ليه,male
PUJPsp_824.mp3,‫وده اللي مخلي أن أحنا,male
eJCD7M_1057.mp3,‫أوكي,male
76Z5Cm_1482.mp3,‫مثلًا 30 حلقة يعني إزاي، يعني فاهم قصدي ايه,male
P8widj_1196.mp3,[موسيقى],male
puMIqO_1333.mp3,فهي الحل بتاعها الوحيد ان انت زي لما,male
bo08yW_452.mp3,ونهايه السيزون بتاعنا كفايه بقى بالله,male
1kTpK4_622.mp3,يعني يعني انا قاعد بالبيجامه حرفيا انا,male
g848iV_741.mp3,يعني صعب قوي هو اصلا انا شخصيه اصلا يعني,male
BF4i5B_515.mp3,عشان ينضفوا نفسهم،,male
bYK0se_581.mp3,وهي عملية إن أنا أصلّح من برة،,male
S49q4W_119.mp3,بتفتكر ان انا عشان ما بعيطش فانا بجادش,male
TeMS3O_102.mp3,حمادة,male
iBmwZw_111.mp3,بالتالي أنت ما عملت له شي ,male
ezsSKd_420.mp3,"على حسب كلام باحث المناخ ""كريس شو""،",male
QCvbL0_218.mp3,بص في المشهد ده قال انا في راس عذق لسيدي,male
IrudOv_657.mp3,لازم تغير في دي,male
SZDknE_724.mp3,مكانته عند ربنا,male
4wehPc_339.mp3,"أو الاعتماد على دراسات هامشية
في مجالات علمية ضعيفة،",male
tCH7E9_22.mp3,الاندماج النووي بين الذرات ممكن نستخدم,male
mRVLLJ_201.mp3,لو مش فاهم يا عزيزي كانك بتاكل مشمش احنا,male
8XQiDv_196.mp3,معه بس ده بيفهمني اوكي بس ده بيشرح ده,male
lOULkk_1877.mp3,علينا اهو,male
sHKklZ_37.mp3,قتلوهم ورجال اللي جمعوهم بالجامع اطلقوا,male
JAb5Yd_13.mp3,النضيفه من بودكاست كفايه بقى فسلي صيامك,male
V34Xgw_313.mp3,ما انا تعبان وانا اوريدي ابتديت الم,male
ZjD1Mp_278.mp3,صديقي الانسان التناقض الاساسي اللي هي,male
CVwiMc_537.mp3,اذا طلعت ايه اللي بيحصل مع الشمس وهم في,male
EXzeBH_776.mp3,اطلعت عليهم لو بقى اطلعت عليهم لوليت,male
g5hJxe_932.mp3,احنا نسيناها فاكرينها 10 جنيه من سنتين,male
Y9mSzp_1104.mp3,جوايا واللي برايا ونيتي ولما انزل تحت,male
HUVVlu_1064.mp3,بيروح يعمل فيلم ما يعرفش يعمل فيلم هو,male
CYjPeC_1323.mp3,ايه بجانب شغلك ده مميت صحب مميت فاهم انا,male
lJtDTB_1562.mp3,واخدت في روه سقه ممكن اروح مكان مره,male
gpqyfV_1699.mp3,الناس اللي هي بتبقى يعني اعمال اقوللك,male
Qr1lmm_2207.mp3,التعليقات السلبيه واندا لم لم يثنيك عن,male
rmGcCT_2220.mp3,بتفرج اه بس ده ما يمنعش,male
vR05rh_73.mp3,هذا ما ستكشف عنه الحلقة.,male
BRR6cr_216.mp3,"أنا عندي طبعًا، يا عزيزي،
مشكلة في ترجمة الشِّعر،",male
9d8ZF4_165.mp3,اول مره حصلت,male
SXJWRp_193.mp3,البرامج بتاعه رمضان بتاعه القناع ولا,male
vYKlTk_441.mp3,[ضحك],male
ueuz5b_503.mp3,بالك ما هو في ناس الدنيا بالنسبه لها,male
Uo5srU_559.mp3,زي حد بره قبل كده قال لي انا حاسس انك,male
XQewwh_63.mp3,"And the hardest situation, the one
I'm building up for, a job interview.",male
9HIhZW_277.mp3,فقامت العاصفه العاصفه دي كان وقتها عندنا,male
8eOPU8_403.mp3,على طول ممكن يجي لك كذا مره في اليوم او,male
CmfIR8_534.mp3,ده عملته في قطر الامازون امازون ابتدا,male
E6hPe0_586.mp3,كريم لسه خلص جملته نسيتني كنت,male
dgDHsZ_255.mp3,اربع محاولات تجيب لي فيهم عشر,male
5UiISA_343.mp3,[موسيقى],male
VHoleL_549.mp3,بنتكلم عليها اه الايجلز مثلا عنده فرقه,male
SBWUu8_1022.mp3,احنا جايبين اكبر تيشرت عندنا تمام,male
hkIqk0_303.mp3,احنا كلنا بكره متسوحين فده اسر نظر,male
plkoVM_347.mp3,بيكتب جنبه درجاته قد ايه بس طبعا بقى ما,male
p0gaSw_369.mp3,مره مدرس مدرس انجليزي مشهور يعني حاضره,male
0rn26c_738.mp3,مش عارف طب بقول لك على حاجه لقيت كومنت,male
otV36V_263.mp3,في الطريق لأول واحدة,male
hW4Cn1_292.mp3,يبقى عندهم,male
PRgVj3_403.mp3,ننفذ الطلبات المطلوبة مننا,male
yiWAhO_517.mp3,لأن بتفهمك الدنيا ماشية ازاي,male
R953gw_537.mp3,"سياسة وواحد يضربني
وأوضب الورق وضرايب",male
XhchSo_1137.mp3,إن شركة جو روجن مثلًا، راجل...,male
0ppXEB_1563.mp3,أكيد عارفين ليه يعني,male
tbElRe_32.mp3,اعلمك ازاي تبقى جامد زي وانا جاي اقوللك,male
NKT8ON_602.mp3,لي مين السبونسر وقول لي هعمل ايه مش عار,male
AyrUoJ_1480.mp3,لازم اطلع جبل تاني 8000 متر هو في 14 جبل,male
hlQNIf_1745.mp3,خطوه وانا كنت فقدت الامل تماما وهو يمكن,male
3hI4WH_1940.mp3,مثلا الحاجه دي ماينفعش تعمل او صعب او,male
BnjhHs_2343.mp3,الرحله بتاعتي هصرف كام طويله 370 يوم 370,male
Nau5Xr_2419.mp3,اكبر بكتير من انا من انا ماعملش ده ف كنت,male
PLydk7_2870.mp3,محتاج اقعد اكرر ده عشان عشان اطرد نفس,male
rhivSL_316.mp3,عنتاب الحارات بتشبه بعضها الاسواق,male
iMsiJ2_153.mp3,"الـ""ستورمجواير 44""، أو بندقية العاصفة.",male
FiJXcu_239.mp3,"زي لعبة ""البازل"" كدة، يا عزيزي،",male
29luQQ_56.mp3,تعمل ايه هي مش هتستقر بس هتيجي في النص,male
y5M0mQ_269.mp3,"""جاري نيفيل"" كان موجود في مركز التدريب،
وفجأة دخل عليه ""رونالدو""،",male
ZOIb9x_7.mp3,وامير,male
PnjyH5_280.mp3,ده اول حاجه وقف بيعمل كده حب من فيك ده,male
tI4LKV_720.mp3,يعني هو وصل الاولاني وشاف نخله وقال لي,male
BudUng_1317.mp3,لي ايه,male
mHdrgW_1613.mp3,الله,male
0DH6nC_211.mp3,ويطحنوها ويا اما يشموها او يحطوها في ميه,male
2BC9f9_97.mp3,التعاطف لا يعني تغيب العقل بيتدرب على,male
ZwhL7G_178.mp3,"هيسيب العنصرية، ويقفش في الموضوع
اللي بيحب بيقفش فيه على طول!",male
cyHFcn_170.mp3,كمان في بعض الدراسات اللي بتقول ان تناول,male
lAYRkV_147.mp3,بذلك العصر ليش لانه الجمالي كان عم يقود,male
rYvem1_354.mp3,معينه للجمهور نشوفوا وطلعوا يعني بيدفعوا,male
CVInrJ_446.mp3,الفطار انا كنت قاعد بلقط ما هي دي الفكره,male
BFSneW_296.mp3,بولعها السؤال الناحيه التانيه لو انا,male
8wQGSX_104.mp3,سبحانه وتعالى يعني يعني البلاء ده تمحيص,male
lp3e2r_628.mp3,بشيلها ما بشيلهاش بخجل,male
Ngim0f_631.mp3,كتير في البنات خصوصا اللي هي بتبقى لابسه,male
XGJKLH_896.mp3,برضو لما الحياه فطري ان هم بداوا يعملوا,male
Z1rj90_1253.mp3,البنت مثلا راكبه السكوتر الموتوسيكل خلاص,male
5Vm37h_1435.mp3,الموضوع ما يبقاش هي بتبقى حاسه بازمه,male
lW83VH_506.mp3,خلال تدبر مشهد الحساب ده بقى,male
BY3ewi_625.mp3,الجنه وبعدين,male
UzjXky_749.mp3,اللي عرفته دي,male
1MEmXf_38.mp3,والاخضر نفس اللون عشان كده لو تاخد بالك,male
3wTvBB_171.mp3,الاطعمه اللزجه مثلا ولما بيكبر بيبدا,male
QpwQwJ_32.mp3,مش انت اول واحد تمر بده مش انت اول واحد,male
tUotkE_664.mp3,حتى حتى يعني قرات افتكر ان انا قرات اثر,male
fvSYnK_829.mp3,هو الفلوس دي بياخدها علشان يزيل الحاجز,male
EXHOBo_886.mp3,وابتدي اقعد ايه الف وادور عليها بس هو,male
048Kp9_947.mp3,وبيتكسب وبيوت,male
akbGbH_135.mp3,لا لا في تكدس مرعب وطبق بقى موضوع,male
yjPicU_295.mp3,مشكلتي انا مشكلتي في اللوجيستكس تعالوا,male
MW8hMF_414.mp3,اتعامل مع رمضان اكله شهر عادي مش لازم,male
88SOQT_424.mp3,هو النور بقى اشتري بالجمله بقى فتح الله,male
fpkrvp_18.mp3,كيلو عضلات الحاله النفسيه مش ان هي افضل,male
zgXiBM_365.mp3,تحت خط الفقر كل مالها عم تزداد,male
YFabrq_65.mp3,ما بياخد الكتاب بالشمال وبيقول ايه,male
l6uhYA_113.mp3,مثلا في مرحله ايه يعني يوم القيامه اكيد,male
MWdxts_206.mp3,فده مهم تعالوا نبدا بقى مع ايه الدروس,male
WEUc9r_745.mp3,مش محافظه على الصلاه دي صلاه بس مش اقامه,male
PEmvhV_465.mp3,الفرصه في رمضان,male
B3opMk_510.mp3,شويه دخلوا مدارس فرنساوي اخدوا فرنسا,male
iy0ih5_643.mp3,عملت ميعديش الحلقه ومش هعرف اجيبها يعني,male
748wxc_161.mp3,الخلود يعني الانسان هيموت اه ولكنه هيقول,male
DdD32n_669.mp3,او كان او علي السناكحلي يعني كان معه,male
nT9zzI_3.mp3,حمدي عبدالوهاب,male
zXG1TY_906.mp3,"وماتشات إن أنا أخش
بقى حاجة بجد احترافية",male
8R2dEv_917.mp3,"بيبقى حدث حلو يعني
بتبقى بطولة كويسة",male
pm4kn9_1036.mp3,"- صح.
- لعبت تلَت ماتشات هواة",male
nK6RwD_1389.mp3,"تقدر تلعب ماتش كل
60 يوم فأنت محتاج شهرين",male
7YxYyQ_1553.mp3,أو تلّت أربع ثواني,male
5D1Gsa_1575.mp3,"خلاص جه وقتها بقى، لأن أنا طول
الماتشات اللي فاتت، 11 ماتش لعبتهم",male
u5V1Hg_1638.mp3,"و هقولّك لو أنت
فعلًا عندك القدرة،",male
Yx5Jnc_52.mp3,افعال انبياء فع يعني انا بقول انا ما,male
VEAEU4_254.mp3,ايه لا مش قسمه لسه بيشجع لا مش بيشجعوا,male
Biag10_298.mp3,الدين ده جاي عشان حياتك تبقى حلوه,male
tybCKQ_819.mp3,الحاجه الصح بتفكر في حاجه غلط دي ملكه,male
3TCKy0_896.mp3,بتدرس تدرس عشان تشتغل ليه بتشتغل لو مش,male
zam0Is_1106.mp3,وعقاب حسب,male
FZcDVc_1183.mp3,الثاني الكبير من القصه اللي بنطلع بيه ان,male
5Aa7xQ_565.mp3,وفي اموالهم حق معلوم,male
nCZzN8_1150.mp3,بتصدق او بدي فلوس هل ابقى بعمل كده,male
gqmQSp_168.mp3,تمام، انت زي الفل، خلّيك زي ما انت!,male
pBbTQT_223.mp3,"هنتقم؟ دا أنا هبقى (هونتي دي كونتي كريستو)!""",male
cMv0gN_260.mp3,ولكن كان هناك ملحوظتين،,male
ETaCNh_326.mp3,"""يعني يا (أبو حميد)، أي لاعيب مشهور وناجح
يقدر يصنع علامة تجارية؟",male
5Hg7LV_49.mp3,صوره ظاهره الايه,male
jLYsdn_190.mp3,تلاحين ربنا,male
kvfNCi_183.mp3,"اللي انت حسيتها بالفخر في حياتك
لمّا حد قالّك إنه فخور بيك.",male
xmOWWG_1.mp3,[موسيقى],male
heQ4VE_84.mp3,القديمه دي مش عايزين نتكلم فيها بس,male
cepFVZ_89.mp3,انت اشتغلت عليها جدا لان الموضوع مبينا,male
PiAqaw_742.mp3,المهم,male
znxeQB_129.mp3,"اعتصموا جوا الـ""كونجرس""، ورددوا مطالبهم",male
djz0EW_231.mp3,بتاخد موقف واضح من الحرب،,male
pDXnYQ_87.mp3,احنا مش في عصر الحداثة، احنا في عصر جديد،,male
dkzcg2_193.mp3,"الكل هنا بيتفاجئ، وأولهم ""مايك"" نفسه.",male
NVP6Ws_262.mp3,"""(محمد علي) مش مجرد شخص بيضرب وخلاص،",male
esCSeC_528.mp3,[موسيقى],male
zH82eK_951.mp3,السيطره قدرتك علىك تعمل ده كنت بروح بسمع,male
e7xzyN_1619.mp3,تقول اه لا ده حلو روحو مش عظيم فهم حلو,male
DQkqFl_1643.mp3,مايبقاش طبيعي زي ما طلع في الاول لو,male
WOQY4b_1980.mp3,نفسك جربت ورحت و كل حاجه كان نفسي فيها,male
sPBy1p_2691.mp3,بتفهم نورتنا يا استاذ والله شرفنا جدا,male
QCT4IE_126.mp3,من من اعظم علماء الدين في الامه دي مين,male
M1j9Jd_416.mp3,ثلاث ساعات بيذاكر وبعد كده يقول ايه هاخذ,male
qRY0qZ_31.mp3,كانوا خاطفين واحد كانوا خاطفين واحد في,male
oOVuwl_80.mp3,"وفِضل طول ما هو ماشي بيقول لأي حد بيقابله،
إنه عايز يقابل الدوق ""هاملتون"".",male
wYB62M_216.mp3,"بيبيّن أد إيه ""هيس"" كان معجب بـ""هتلر"".",male
HyQr9B_467.mp3,وصّلها انت 300 بس، وسيبني، سأفكر بجدية.,male
9M5XuV_499.mp3,"وإنه كان شايف إن تحييد ""بريطانيا"" ضرورة،
قبل فتح جبهة سوفييتية جديدة،",male
EvRvMh_207.mp3,ماركس بذات نفسه ايه ده الحاج يا ابو,male
6naqCP_385.mp3,سبع اضعاف بينما بمارك قاعد مبسوط بنجاح,male
HSozrG_606.mp3,ودم الاعداء دي وحده ماتخلقتش على وحده,male
vv62ZF_167.mp3,امتى وبتنتهي امتى يعني اوكي فبنعمل بقى,male
lNw2yc_456.mp3,يعني,male
tXrtnD_637.mp3,فانت بيروح ويصوروا معك,male
0QGi3c_720.mp3,عليها,male
PhKB3p_135.mp3,"من 2009 لحد 2017
الدنيا كانت ماشية كويس أوي",male
r34xeA_779.mp3,وفضلت واقف.,male
63Wykt_856.mp3,كنا حوالي...,male
XpKTW9_1751.mp3,البيت اتأثر جامد,male
hLvPxB_391.mp3,قاعدين نشاندل فيها ونقلعها ونلبسها,male
LHEM4P_86.mp3,بنيته لقطه احس ان انا ما بعتش تاني او ما,male
pd3kyg_473.mp3,حضراتكم قرا كتاب استراحه نفسيه في شابتر,male
1cgZPS_516.mp3,في الاخر النتيجه ما بتجيش طب والنتيجه ما,male
zELWon_716.mp3,مشكله الادمان الانسان بيبقى عنده مصدر,male
r627Fr_23.mp3,بدي كتاب يحكي إنه كان وجودنا,male
Z9VQjd_29.mp3,منا ليعيد التفكير 100 مره بل الف مره قبل,male
pVXn82_106.mp3,حاسس بحاجة؟,male
UXQ74f_483.mp3,"هتلقي ""أمريكا"" القنبلة الذرّية
على ""هيروشيما"" و""نجازاكي""،",male
eonnPF_507.mp3,اه تبقى الافضل طبعا بتعد تتفرمت في,male
hxtmlg_982.mp3,الدنيا لو عيش واعرف بنفسه ولا لا ولع,male
187SgB_65.mp3,يسقوا يحلبوا الثلاث عنزات ويشربوا هكذا,male
6hmzQ4_141.mp3,ترتاح بعدين بجد يا تيته دلوقتي,male
s0ccUJ_459.mp3,وفي مداخل غيرهم وربنا ذكرها في القران,male
n7nq9Z_521.mp3,لك انه دي نفسك او شيطان ايه المشكله هو,male
GTZuAF_767.mp3,اليقين المطلق,male
02REfo_936.mp3,اخذت الشاحن وتغافل تغافل كدهوت وطنش,male
kKOOTc_487.mp3,"كل واحد بيقولّها هو ممكن يقدّم إيه،
وهي توافق بقى، هي اللي تختار،",male
3KWNAZ_525.mp3,"بريئة من النقص،
ولكنها كمان مش قادرة تتعامل مع خصوصيتنا كبشر.",male
B04Zrl_163.mp3,بس بيخزّن بيانات لملايين المستخدمين.,male
zza44x_482.mp3,الاول نور مهند نجح مهند فتعال اعمل مسلسل,male
ki5ogr_1523.mp3,بس خلاص هي كده كده اي فرد اي انسان في,male
als6S1_5.mp3,شوف يا كاتب التاريخ,male
gDRMm2_48.mp3,لسنوات طويلة,male
HE8Lg7_345.mp3,مو حزبية,male
y3ADaW_408.mp3,عملوا اجتماع حزبي استثنائي,male
DxwhNI_116.mp3,او على الاقل نصهم ما كانش يعرف,male
VnYHDF_604.mp3,الناس اللي بتدافع عن جنكيز خان تبقى,male
XNmqWf_106.mp3,الاطفال طب يا عم روح عالجهزين محتاج يروح,male
dMkO6j_264.mp3,البشره البيضاء انما الجمال هو الكواري,male
ceyT3W_269.mp3,الحلوه دي دي عزيزي سيبت الجمال عندهم,male
BBnDEL_593.mp3,"عملت حركة جريئة تتحدى فيها
""اليابان"" و""الولايات المتحدة""،",male
LpmUh8_257.mp3,"الدولة اللي حكمت ""مصر""
وبلاد ""الشام"" وبلاد ""الحجاز""",male
QjFe3G_888.mp3,و15 كان ساعتها الكر,male
w9eueZ_1749.mp3,الثلاث دقايق اللي هي الراوند بتاعتك دي,male
718De7_1943.mp3,حسن خرشد واحنا ليه وليه اصلا مصورين في,male
27Qz9R_276.mp3,بقول لكن منطقة خطيرة,male
PQ7gnz_557.mp3,يللي هو تلات أضعاف,male
iSRsHT_1475.mp3,بالعربي بس حاجات كتير بايثون اه يعني,male
55iDsI_1757.mp3,تتعصب وش لاي شخص ولا انا ولا فلان ولا,male
yjUxDY_1862.mp3,وسافروا يعني ودلوقتي منهم واحد شغال في,male
kMZwYK_2044.mp3,هو مش ايه مش جوز خالتي ولكن لا اص هو ليه,male
p9j3pR_2202.mp3,ايه ا بص زمان في اظن في الفيرجن,male
9dbrhF_2311.mp3,شويه يعني يكتبوا سي وبعد كده طلعنا شويه,male
Y2UNxt_3249.mp3,بيها كلها محزنه اصلا بالذات في العصر,male
FZKtiU_268.mp3,"حطته في منافسة،
منافسة لا يمكن يكسبها.",male
yoQ6Mf_332.mp3,"الحركة دي، يا عزيزي، بتزداد أهميتها
حركة الـImpressionism دي،",male
BrwkZH_408.mp3,"ورغم، يا عزيزي،
إن دا كان هدف ""ثيو"" في البداية،",male
04Hjts_171.mp3,من كمالا واعزه ايه واعزه نفره الخدم,male
yV6n0G_113.mp3,التكنوتـ... التكتونيين.,male
kKIQFP_177.mp3,"""أمريكا"" و""المكسيك""
طول الوقت منتظرين إن فيه زلزال هيضرب.",male
tli9BS_648.mp3,عارف كذا وكان المشكله ايه المشكله,male
og4RSH_168.mp3,الاسباني عايز تعرف عايز تعمل ايه انا,male
dMiYLw_439.mp3,انا انا مش عارف يعني بجد والله انا ممكن,male
Vairmf_570.mp3,باذن الله,male
MlX6HI_614.mp3,بقى,male
2J5DGv_113.mp3,"خلّيني أطمنك، يا عزيزي،
إن دي الجريمة الوحيدة",male
W8nDjE_529.mp3,"بيستسلم ""دويل""، ولكن على شرط واحد،",male
TerK9Q_617.mp3,"ومخلص لذكرى حبيبته ""إيرين أدلر"".",male
bG3BhP_303.mp3,الإمبراطور بس هو اللي يفهم أخوه الإمبراطور!,male
m6o6vE_74.mp3,"قولتله طب خلاص
هاته بقى ونشوف بقى",male
xkgYH3_417.mp3,"ومسلسل، أنا وهند صبري
وكان إخراج مريم أبو عوف",male
5xI3Xd_428.mp3,"وماحدش بقى، مالوش
دعوة، هو راجل عنده مسلسل",male
uDRMYT_538.mp3,أنا مواليد الكويت,male
5Mb62t_136.mp3,بتكون حاجه رديئه جدا كان السلم فالموضوع,male
24GnNC_422.mp3,يحتقر وبالنسبه له اصلا مين يقدر عليا,male
rF5agB_443.mp3,يعني,male
oojOFo_526.mp3,معلومات,male
XDsRcM_21.mp3,لما بيجي ههه,male
V702uj_186.mp3,هو يا جماعه ان احنا كلنا ناجحين وكلنا,male
FycVxg_274.mp3,في العمل النحتي ايوه بالظبط,male
NFHwzv_378.mp3,ان اللي هو بيقوله ده رايه وهو حر فيه انا,male
BVis3C_642.mp3,ايه والجيل ده صوت عيالي,male
zv0677_658.mp3,او هجرب اعمل حاجه مختلفه في ناس دلوقتي,male
CHZmvw_746.mp3,كلنا شفناه وعايزين نشوفه تاني انما بقول,male
Jp2Xi1_833.mp3,يعني كله يبقى كده,male
EXuNdx_1249.mp3,وبيحلق كويس والناس كلها مبسوطه منه فانا,male
dIUNI0_787.mp3,وتقف,male
qifhih_20.mp3,[موسيقى],male
WL7T4L_623.mp3,حاجه وحشه يعني لا لا خالص خالص تمام تمام,male
KaTXpD_1327.mp3,عرفش ينفع اقول ده والكونفدنشن ولا اقوله,male
YPRCdI_1367.mp3,الاخبار ايه اللي جرى في الدنيا الساعه,male
FFQUMp_334.mp3,مقتنيات دي مقتنيات هي مقتنيات كده ههه,male
8intG0_1100.mp3,انا مش عارفه اقول ايه لا لا انا مش عارفه,male
1ySXYE_199.mp3,خلق السما هو خلق الارض ما عندوش مشكله في,male
tjD0Br_206.mp3,حاجه هو اصلا ايه هو عارفها انت كانك,male
lS1dxQ_770.mp3,عليه وهو واخذ قرار العداوه,male
3yB95V_1349.mp3,بودكاست ده بيفك شويه طلاسم بيعمل شويه,male
X2R1XH_1390.mp3,بعدينا فهيعمل معاه ايه بقى وايه اللي,male
7QsZfN_64.mp3,يعني مستمتع جدا بصراحه اكثر بكثير من,male
qYSLfb_112.mp3,الامر ده ان المكان ده النبي عليه الصلاه,male
31wfP7_507.mp3,المرسلين اذ قال لهم عفوا الا تتقون اني,male
8B7yw9_629.mp3,المستضعفين من المؤمنين من قومه صالح عليه,male
Y9idHI_1264.mp3,ازاي فعلا نكمل العيال الخطيره بتاعتك,male
kkZuxR_352.mp3,قاعد معك وشايف تقييمات معينه,male
hxmkMq_438.mp3,ان هو ايه,male
kaBHKV_793.mp3,ودي نصيحتي دايما والله احبوا للناس الخير,male
xYz7Tg_5.mp3,يس الأول، خلّيني أقدّملكم ضيوفي الشقيانين،,male
SHjb6A_92.mp3,خلّيني أقولّك، يا عزيزي المشاهد،,male
iewu5W_576.mp3,"دا طبعًا على عكس جحيم ""هوميروس""،
اللي كان بيتحكم فيه الآلهة والأقدار،",male
y0Fu6l_445.mp3,ايوه على فكره دي حاجه انا عادي انا الهرم,male
1Oas7h_639.mp3,بتاعك اللي انت بقلك ست سنين بتجري فيه,male
ExbjNm_1013.mp3,خالص بعد دقيقه رجع فتح الباب اللي جنبه,male
UxUdNI_158.mp3,بمن حولك خليك مبادر في الخدمه زي ما كنت,male
b1TkUa_542.mp3,اللي بيقعدوا يتكلموا في عرض النبي صلى,male
gD9KvO_49.mp3,خش يا عم شريف,male
A2F86n_88.mp3,بتاع الدعوه اصلا,male
8JBN58_706.mp3,كنا اتكلمنا فيه فكره ان ان الرسول,male
i19Tzz_163.mp3,ولا احمد مستورد,male
6n9BU0_658.mp3,العيش اللي تحت الكفته وتحت مش الفرخه,male
TorRS2_125.mp3,الاطباق التركيه المشتقه من شرائح,male
2UVUBi_155.mp3,يعني كانت الأمور على عيني يا جهبذ,male
Dx1u81_342.mp3,مشان يسرقوا منها وينهبوا منها,male
suDcag_960.mp3,بتخسر بقى بتكسب، ده مهم,male
xOpQxQ_1037.mp3,"تقدمية جدًا، متحضرة جدًا جدًا
وبقى فيها فعلًا تفكير",male
p4XGSQ_1637.mp3, فا يبتدي تأثيرها يبقى,male
prfQ9e_1659.mp3,"- يسمح كمان للي محتاج أنه ياخدها
- طبعاً",male
EYM71p_1823.mp3,"لأن هي تتوقف
خالص و أن هي تتشال",male
bi5fc8_2432.mp3,لا لا فيها توفيق,male
kujHmK_126.mp3,انه طلع فلوس وخلاص بس ساعتها ما كانش فيه,male
aKm4lG_134.mp3,اللي خلاهم يطلقوا ففي العادي قبل ما,male
6Bj1CJ_215.mp3,كلنا مشاعرنا متقلبه هقول لك لا التقلبات,male
GtKDRK_191.mp3,الابحاث كمان بتقول ان لو عندنا توام,male
g9EQA7_6.mp3,خلينا نتفاهم,male
2j5uVz_32.mp3,أنت أصلاً لو ما روسيا عم تلعب لك بعقلك,male
K1uLJL_335.mp3,انا عايزك تبص للسلام والغنى والفرح اللي,male
dhB8vW_489.mp3,نرتاح لا تقول ربنا اعطى ولا ما اعطا هنا,male
gVVucw_613.mp3,خطئه جدا عارفين لما اقول للولد اكتر,male
UxzzQf_620.mp3,حق الكذب حكمه,male
mg41Xt_723.mp3,حقيقي ما توقفش لابس مزيكه فاي حاجه,male
8zzTH4_773.mp3,هنقضي يومنا عمرنا كله نوم بنعمه ربنا لكن,male
T4TPPK_361.mp3,"نفضل كدا، لحد ما إنتاج ""أمريكا"" كلها،
أغنى دولة في العالم وقتها، ينخفض للنُص،",male
5Dt5Qd_489.mp3,بقى لنا كتير ما احنا ليه يا جماعه,male
ceZ4jR_559.mp3,عشان السكرتيره ما تضحكش عليك بقى وتقول,male
cIHNNA_262.mp3,صفقات بنودها غير معلنه مع شركه لكن بحسب,male
FLrHhL_282.mp3,ومجموعه للاستثمار كلهم كانوا من الممولين,male
i3nZc3_7.mp3,كلنا بنحبه كله دفع وحنيه وبيعتبرني اقرب,male
KzbI8r_179.mp3,قوه جاذبيه من اي جسمين لهم كتله وتقدر,male
yvms1P_137.mp3,"حاجة مدهشة جدًا،
لأن مفيش أي كائن حي تاني بيعمل الكلام دا.",male
MExxvR_165.mp3,"اللي هو يعني بدل ""الديمقراطية""!",male
Kzwx31_170.mp3,واللي هي برضه، الأسرع فيها هو اللي بيكسب.,male
zUkvIq_58.mp3,بدنا ناخد الخبزات قبل ما تعتم العين,male
EWeHdk_364.mp3,المتخصص بشؤون المجاعة,male
sCBoNE_211.mp3,قال لهم الملك فيصل طيب ليكها هاي﻿ إسرائيل,male
24tAPT_200.mp3,وبيبدا رحله جديده عشان يروحوا القبلا,male
zFTxN2_398.mp3,ادبيه بين رحاله شاف بعينه حكايات عجيبه,male
K1jfy6_30.mp3,انا امبارح واول امبارح اتكلمت في الموضوع,male
84E9FF_107.mp3,يعني ليه هو ليه هو متخيل ان هو محتاج,male
jSYh6L_601.mp3,طريقي ينظرنا اليه ليه عملوا كده,male
2h9RNS_164.mp3,الشارع,male
DeYSmd_428.mp3,كويس قوي يعني فعشان كده انا وهو دخل كان,male
JLcq2n_2099.mp3,هو كان بيعمل وبيعمل و ما انتوا كنتوا,male
qq60z2_2222.mp3,كتير قوي كمان يعني حالات الطلاق بقت بقت,male
xHZbgJ_455.mp3,هو ده الموضوع ده العقد بتاع الجنه باب,male
d9YZX8_81.mp3,الم الموجوده بالجزيره واختصر تواصلهم مع,male
3kGoTu_179.mp3,معاهده,male
4gTgQs_142.mp3,"دا مرض ناتج عن نقص فيتامين ""سي""،
اللي موجود في الخضار،",male
1BDOTl_280.mp3,للأسف، هذه الانتفاضة فشلت!,male
4e1cmS_312.mp3,بتتعامل فيديو وبتتكلم عن الموضوع ده لما,male
cr2Orq_1886.mp3,احتماليه ان انت تقدر تشغله انت دلوقتي في,male
Rzdf3x_2167.mp3,ليه ممكن يعني ممكن يتفرج على حد بيلعب,male
iM774O_2171.mp3,ان في ناس ممكن تكون بتستمتع بده اوكي انا,male
eVFYZV_2590.mp3,ممكن تعلم على الايميل ويظهر لك التاسكس,male
TyKc1K_2625.mp3,يملا تمبلت غير ان هو يخترع تمبلت من,male
T8rsAW_97.mp3,"ابتدا يعرّف أعضاء Alcoholic Anonymous
على الـLSD.",male
IF4n89_273.mp3,مجوفه مش مصمته وهتلاقي نخاع العظم جواها,female
8FDvq0_133.mp3,لما بيدخل مع الهواء لمجرى الجهاز التنفسي,female
5IMTIu_18.mp3,نخلق بيئه ايجابيه وصحيه نعيش فيها في,female
d0v0lG_254.mp3,[موسيقى],female
EdDQ9E_560.mp3,وعبرت اعمل شيء ثاني بدل ما ضلني علقانه,female
5CZrje_72.mp3,شويه وعلى اثر السكتات الدماغيه دي اصيبوا,female
zxXNZo_234.mp3,ايه تاني انت جربتي كله هي جربت كله اصلا,female
rSRXzM_6.mp3,الصينيه القديمه لما ورا سواء اختلفوا مع,female
SXG7AP_180.mp3,وانما بسبب اصابته بسرطان المعده اللي,female
qLyuCv_175.mp3,واعراض الثالثه ما تظهر خالص ومن هنا,female
LcQ9Tl_188.mp3,الذكور من نفس اعمارهم فبيعوا وكانهم,female
nHHFFb_130.mp3,جماعه انا لسه جايه احلى حاجه الحكم اللي,female
V4qKzw_141.mp3,دعوه المهم يا جماعه دي خناقه زوجيه عادي,female
YR0JP9_198.mp3,نظيف كده واكن ميك اب ارتست اللي عامله,female
Vyfqyl_24.mp3,تستاهلي لا يا جماعه بجد انا بقرب جدا من,female
sOh1a7_93.mp3,تاني صغيره فممكن اسوي الثنين الكبار دول,female
XRJmZW_280.mp3,على المدى القصير ولا الطويل طالما ان,female
PxTUDt_49.mp3,ريحتهم كده هتبقى حلوه ولا لا فانتم,female
NzGmV2_19.mp3,جيل من الاطفال ما عرفش الحياه اصلا غير,female
IW7qXG_16.mp3,هتكون البنت ضحيه حادثه المرور والمستقبل,female
cshuoC_238.mp3,الدراسي وعزله بقى عن الاصدقاء واي انشطه,female
8A17Ih_73.mp3,ومستمره في تكسير كل القوانين والمواثيق,female
g2cI60_17.mp3,المياه الراكده زي المستنقعات والبرك لكن,female
gIsf1C_190.mp3,متر كم كيلو 100 كيلو قد ايه بالايه,female
kz3d5T_64.mp3,بروتين واحد بس اجسامنا ما بتقدرش تستفيد,female
We6jR7_658.mp3,نحن انا مش حافظه الحاديث بالظبط فمش,female
F82jw6_833.mp3,قدام كل الناس دي دلوقتي ايه الكلمات اللي,female
oMEKlf_205.mp3,[موسيقى],female
TJLyZv_137.mp3,احنا وصلنا المكان في ايام بيقطع,female
c6THHb_192.mp3,حته صغيره خالص فسفوسه,female
5IRkAp_218.mp3,بناتي يشوفوني كمان,female
QIdQFR_651.mp3,واللحمه,female
a9iceO_247.mp3,نتاكد من التشخيص التشخيص كله قائم بنسبه,female
QwuQav_15.mp3,البيضاء الصفائح الدمويه وعندنا البلازما,female
0tuvSh_342.mp3,نتعامل معاه ازاي ممكن ببساطه نساله علشان,female
XPelAg_223.mp3,يا جماعه حطيت هنا البلدي عشان هو فاكك,female
CTBsJ8_130.mp3,قوي عندي ملوخيه في,female
6BkFWf_263.mp3,كمان التوست ده ده لمنير وده ليا ده بيقعد,female
LGnRgq_156.mp3,له نيكوتين ببساطه لان النيكوتين ماده,female
aP2LzJ_227.mp3,وقايه سهله نملكها ضدها للاسف جرثومه,female
Kl8Xqy_7.mp3,هرمون البتن هرمون الشبع اللي بتصنعه,female
VYrLgt_23.mp3,ما تعرفش حاجه عن دهونك واسمح لي اعرفك,female
0HvXFn_72.mp3,جمجمتك يعني ممكن تبعت اشارات الم كل ده,female
sUnvTA_225.mp3,للحياه باي شكل بينما ممكن يحصل نوبات,female
lO4wzm_28.mp3,كل فتره من عمره بالضبط وبلان كمان عندنا,female
RfAX7g_693.mp3,بني ادم خلاص يعني عدى سن معين معظم,female
eBIycm_2192.mp3,الماركتينج بيلعب فيها دور مش دور رهيب,female
9kAxLu_194.mp3,تحمل اللاكتوز هو ظاهره طبيعيه جدا نمط,female
lQwlyQ_262.mp3,ممكن تنقل ميكروبات وامراض معديه كتير وان,female
jee72G_106.mp3,دعوه بقى المضاد الحيوي هينجح ولا هيفشل,female
MzPpP5_1102.mp3,عايزه اقول لكم ان احيانا الصدمه تحسسيه,female
T4ewV1_1289.mp3,سؤال,female
2GPtMs_282.mp3,يعني انا انصحكم بيه وما انصحكو بيه في,female
